<?xml version="1.0"?>
<!--
/**
 * CedCommerce
 *
 * NOTICE OF LICENSE
 *
 * This source file is subject to the End User License Agreement (EULA)
 * that is bundled with this package in the file LICENSE.txt.
 * It is also available through the world-wide-web at this URL:
 * https://cedcommerce.com/license-agreement.txt
 *
 * @category    Ced
 * @package     Ced_Affiliate
 * @author      CedCommerce Core Team <connect@cedcommerce.com>
 * @copyright   Copyright CedCommerce (https://cedcommerce.com/)
 * @license     https://cedcommerce.com/license-agreement.txt
 */
-->
<config xmlns:xsi="http://www.w3.org/2001/XMLSchema-instance"
        xsi:noNamespaceSchemaLocation="urn:magento:framework:ObjectManager/etc/config.xsd">
    <type name="Magento\Framework\View\Element\Message\MessageConfigurationsPool">
        <arguments>
            <argument name="configurationsMap" xsi:type="array">
                <item name="addAffiliateSuccessMessage" xsi:type="array">
                    <item name="renderer" xsi:type="const">
                        \Magento\Framework\View\Element\Message\Renderer\BlockRenderer::CODE
                    </item>
                    <item name="data" xsi:type="array">
                        <item name="template" xsi:type="string">Ced_Affiliate::addAffiliateSuccessMessage.phtml</item>
                    </item>
                </item>
            </argument>
        </arguments>
    </type>
</config>
