<?xml version="1.0"?>
<!--
/**
 * CedCommerce
 *
 * NOTICE OF LICENSE
 *
 * This source file is subject to the End User License Agreement (EULA)
 * that is bundled with this package in the file LICENSE.txt.
 * It is also available through the world-wide-web at this URL:
 * http://cedcommerce.com/license-agreement.txt
 *
 * @category    Ced
 * @package     Ced_Affiliate
 * @author      CedCommerce Core Team <connect@cedcommerce.com>
 * @copyright   Copyright CedCommerce (http://cedcommerce.com/)
 * @license     http://cedcommerce.com/license-agreement.txt
 */
-->
<config xmlns:xsi="http://www.w3.org/2001/XMLSchema-instance" xsi:noNamespaceSchemaLocation="urn:magento:framework:Acl/etc/acl.xsd">
    <acl>
        <resources>
            <resource id="Magento_Backend::admin">
                <resource id="Ced_Affiliate::view" title="Affiliate" translate="title" sortOrder="30">
                    <resource id="Ced_Affiliate::account" title="Manage Affiliate Account" translate="title" sortOrder="10" />
                    <resource id="Ced_Affiliate::denominations" title="Denominations Rules" translate="title" sortOrder="20" />
                    <resource id="Ced_Affiliate::banner" title="Manage Banners" translate="title" sortOrder="30" />
                    <resource id="Ced_Affiliate::withdrawl" title="Manage Withdrawal Request" translate="title" sortOrder="40" />
                    <resource id="Ced_Affiliate::affiliate_configuration" title="Affiliate Configuration" translate="title" sortOrder="50" />
                </resource>
            </resource>
        </resources>
    </acl>
</config>
