<?xml version="1.0"?>
<!--
/**
 * CedCommerce
 *
 * NOTICE OF LICENSE
 *
 * This source file is subject to the End User License Agreement (EULA)
 * that is bundled with this package in the file LICENSE.txt.
 * It is also available through the world-wide-web at this URL:
 * http://cedcommerce.com/license-agreement.txt
 *
 * @category    Ced
 * @package     Ced_Affiliate
 * @author      CedCommerce Core Team <connect@cedcommerce.com>
 * @copyright   Copyright CedCommerce (http://cedcommerce.com/)
 * @license     http://cedcommerce.com/license-agreement.txt
 */
-->
<config xmlns:xsi="http://www.w3.org/2001/XMLSchema-instance" xsi:noNamespaceSchemaLocation="urn:magento:module:Magento_Sales:etc/sales.xsd">
    <section name="quote">
        <group name="totals">
            <item name="customdiscount" instance="Ced\Affiliate\Model\Quote\Discount" sort_order="400"/>
        </group>
    </section>
    <section name="order_invoice">
    <group name="totals">
      <item name="customdiscount" instance="Ced\Affiliate\Model\Total\Invoice\Discount" sort_order="420"/>
    </group>
  </section>
  <section name="order_creditmemo">
    <group name="totals">
      <item name="customdiscount" instance="Ced\Affiliate\Model\Total\CreditMemo\Discount" sort_order="420"/>
    </group>
  </section>
</config>