<?xml version="1.0" encoding="UTF-8"?>
<!--
/**
 * CedCommerce
 *
 * NOTICE OF LICENSE
 *
 * This source file is subject to the End User License Agreement (EULA)
 * that is bundled with this package in the file LICENSE.txt.
 * It is also available through the world-wide-web at this URL:
 * http://cedcommerce.com/license-agreement.txt
 *
 * @category    Ced
 * @package     Ced_Affiliate
 * @author      CedCommerce Core Team <connect@cedcommerce.com>
 * @copyright   Copyright CedCommerce (http://cedcommerce.com/)
 * @license     http://cedcommerce.com/license-agreement.txt
 */
-->
<config xmlns:xsi="http://www.w3.org/2001/XMLSchema-instance" xsi:noNamespaceSchemaLocation="urn:magento:module:Magento_Config:etc/system_file.xsd">
<system>
  <tab id="affiliate_tab" translate="label" sortOrder="1000">
            <label>Cedcommerce Affiliate System</label>
        </tab>
        <section id="affiliate" translate="label" type="text" sortOrder="10" showInDefault="1" showInWebsite="1" showInStore="1">
             <tab>affiliate_tab</tab>
            <resource>Ced_Affiliate::config</resource>
            <label>Affiliate Settings</label>
            <group id="account" translate="label" type="text" sortOrder="1" showInDefault="1" showInWebsite="1" showInStore="1">
                <label>Affiliate Account</label>
                 <field id="enable" translate="label" type="select" sortOrder="1" showInDefault="1" showInWebsite="1" showInStore="1">
                    <label>Enable Affiliate System</label>
                    <config_path>affiliate/general/activation</config_path>
                    <source_model>Magento\Config\Model\Config\Source\Yesno</source_model>    
                </field>
                <field id="admin_approval" translate="label" type="select" sortOrder="2" showInDefault="1" showInWebsite="1" showInStore="1">
                    <label>Require Admin Approval</label>
                    <config_path>affiliate/admin/approval</config_path>
                    <source_model>Magento\Config\Model\Config\Source\Yesno</source_model>    
                </field>
                <field id="notify_admin" translate="label" type="select" sortOrder="3" showInDefault="1" showInWebsite="1" showInStore="1">
                    <label>Notify Admin On Account Creation</label>
                    <config_path>affiliate/notify/admin</config_path>
                    <source_model>Magento\Config\Model\Config\Source\Yesno</source_model>    
                </field>
                
                <field id="terms_condition_enable" translate="label" type="select" sortOrder="4" showInDefault="1" showInWebsite="1" showInStore="1">
                    <label>Enable Terms And Condition for Signup Page</label>
                    <source_model>Magento\Config\Model\Config\Source\Yesno</source_model>    
                </field>
                
                <field id="terms_condition" translate="label" type="textarea" sortOrder="5" showInDefault="1" showInWebsite="1" showInStore="1">
                    <label>Enter Terms And Condition</label>
                </field>
                
                
               <!--  <field id="parameter" translate="label" type="text" sortOrder="6" showInDefault="1" showInWebsite="1" showInStore="1">
                    <label>Default Affiliate Url Parameter</label>
                    <config_path>affiliate/url/parameter</config_path>
                </field> -->
                
            </group>
            
             <group id="comission" translate="label" type="text" sortOrder="10" showInDefault="1" showInWebsite="1" showInStore="1">
                <label>Commission</label>
                 <field id="mode" translate="label" type="select" sortOrder="11" showInDefault="1" showInWebsite="1" showInStore="1">
                    <label>Commission Type</label>
                    <source_model>Ced\Affiliate\Model\Source\Config\Comission</source_model>    
                </field>
                <field id="charges" translate="label" type="text" sortOrder="12" showInDefault="1" showInWebsite="1" showInStore="1">
                    <label>Enter The Commission</label>
                </field>
                
                
                <field id="differnt_comission_user" translate="label" type="select" sortOrder="13" showInDefault="1" showInWebsite="1" showInStore="1">
                    <label>Allow Second Order Place Commission For Guest User</label>
                     <source_model>Magento\Config\Model\Config\Source\Yesno</source_model> 
                </field>
                
                <field id="differnet_comission" translate="label" type="select" sortOrder="13" showInDefault="1" showInWebsite="1" showInStore="1">
                    <label>Use Different Commission From Second order</label>
                     <source_model>Magento\Config\Model\Config\Source\Yesno</source_model> 
                </field>
                
                <field id="second_order_mode" translate="label" type="select" sortOrder="14" showInDefault="1" showInWebsite="1" showInStore="1">
                    <label>Commission Type From Second Order</label>
                    <source_model>Ced\Affiliate\Model\Source\Config\Comission</source_model>
                    <depends>
                    <field id ="differnet_comission">1</field>
                    </depends>    
                </field>
                <field id="second_charges" translate="label" type="text" sortOrder="15" showInDefault="1" showInWebsite="1" showInStore="1">
                    <label>Enter The Commission</label>
                    <depends>
                    <field id ="differnet_comission">1</field>
                    </depends> 
                </field>
                
                
                <field id="lifetime_sales_comission" translate="label" type="select" sortOrder="16" showInDefault="1" showInWebsite="1" showInStore="1">
                    <label>Life Time Sales Commission</label>
                     <source_model>Magento\Config\Model\Config\Source\Yesno</source_model> 
                </field>
                
                  <field id="add_comission_when" translate="label" type="select" sortOrder="17" showInDefault="1" showInWebsite="1" showInStore="1">
                    <label>Give Commission When Order Status Is</label>
                     <source_model>Ced\Affiliate\Model\Source\Config\OrderStatus</source_model> 
                </field>
                
                 <field id="holding_time" translate="label" type="text" sortOrder="18" showInDefault="1" showInWebsite="1" showInStore="1">
                    <label>Holding Period(in days)</label>
                </field>
                 <field id="comission_deduct" translate="label" type="select" sortOrder="19" showInDefault="1" showInWebsite="1" showInStore="1">
                    <label>Allow Commission To deduct when credit memo is created</label>
                    <source_model>Magento\Config\Model\Config\Source\Yesno</source_model> 
                </field>
               
            </group>
            
            <group id="withdrawl" translate="label" type="text" sortOrder="20" showInDefault="1" showInWebsite="1" showInStore="1">
            	  <label>Withdrawal Settings</label>
            	  
            	   <!-- <field id="payment_mode" translate="label" type="select" sortOrder="21" showInDefault="1" showInWebsite="1" showInStore="1">
                    <label>Default Payment</label>
                    <source_model>Ced\Affiliate\Model\Source\Config\PaymentMode</source_model>    
                </field> -->
                
                <field id="credit" translate="label" type="select" sortOrder="22" showInDefault="1" showInWebsite="1" showInStore="1">
                    <label>Allow Affiliate To Use Commission As A Store Credit</label>
                     <source_model>Magento\Config\Model\Config\Source\Yesno</source_model> 
                    
                </field>
                
                <field id="withdrawl_request" translate="label" type="select" sortOrder="23" showInDefault="1" showInWebsite="1" showInStore="1">
                    <label>Allow Affiliate To Request For Withdrawal</label>
                	 <source_model>Magento\Config\Model\Config\Source\Yesno</source_model> 
                </field>
                
                <field id="min_withdrwal_amount" translate="label" type="text" sortOrder="24" showInDefault="1" showInWebsite="1" showInStore="1">
                    <label>Set Min. Amount For Withdrawal Request</label>
                	 <depends>
                	 	<field id ="withdrawl_request">1</field>
                	 </depends>
                </field>
                
                 <field id="service_tax_enabled" translate="label" type="select" sortOrder="25" showInDefault="1" showInWebsite="1" showInStore="1">
                    <label>Include Service Tax</label>
                	 <source_model>Magento\Config\Model\Config\Source\Yesno</source_model> 
                </field>
                
                <field id="service_tax_mode" translate="label" type="select" sortOrder="26" showInDefault="1" showInWebsite="1" showInStore="1">
                    <label>Service Tax Type</label>
                	 <source_model>Ced\Affiliate\Model\Source\Config\Comission</source_model>
                	 <depends>
                	 	<field id="service_tax_enabled">1</field>
                	 </depends>
                </field>
                
                
                <field id="service_tax_charges" translate="label" type="text" sortOrder="27" showInDefault="1" showInWebsite="1" showInStore="1">
                    <label>Enter Service Tax Charges</label>
                	 <source_model>Magento\Config\Model\Config\Source\Yesno</source_model> 
                	 <depends>
                	 	<field id="service_tax_enabled">1</field>
                	 </depends>
                </field>
                
                <!--  <field id="tax_class" translate="label" type="select" sortOrder="25" showInDefault="1" showInWebsite="1" showInStore="1">
                    <label>Service Tax</label>
                	<source_model>Ced\Affiliate\Model\Source\Config\TaxClass</source_model>
                </field> -->
                <field id="cancel_days" translate="label" type="text" sortOrder="28" showInDefault="1" showInWebsite="1" showInStore="1">
                    <label>Affiliate Will Cancel The Request Within Specify Days</label>
                </field>
            </group>
            
            
            <group id="referfriend" translate="label" type="text" sortOrder="29" showInDefault="1" showInWebsite="1" showInStore="1">
            	  <label>Refer Friend Setting</label>
            	  
            	  <field id="signup_bonus" translate="label" type="text" sortOrder="30" showInDefault="1" showInWebsite="1" showInStore="0">
			       <label>Signup Bonus</label>
			       <validate>required-entry validate-number validate-zero-or-greater</validate>
		       	</field>
		       	<field id="referral_reward" translate="label" type="text" sortOrder="31" showInDefault="1" showInWebsite="1" showInStore="0">
			       <label>Referral Reward</label>
			       <validate>required-entry validate-number validate-zero-or-greater</validate>
		       	</field>
		       	<field id="referral_reward_denomination_range" translate="label" type="text" sortOrder="32" showInDefault="1" showInWebsite="1" showInStore="0">
			       <label>Denomination Range</label>
			       <validate>required-entry validate-number validate-zero-or-greater</validate>
		       	</field>
		       	<field id="discount_code_expiration_days" translate="label" type="text" sortOrder="33" showInDefault="1" showInWebsite="1" showInStore="0">
			       <label>Discount Coupon Validity(In Days)</label>
			       <validate>required-entry validate-number validate-zero-or-greater</validate>
		       	</field>
		       	<field id="support_email" translate="label" type="text" sortOrder="34" showInDefault="1" showInWebsite="1" showInStore="0">
			       <label>Support Email Id</label>
			       <validate>required-entry validate-email</validate>
		       	</field>
		       	
            	  
            	  
            	   <!-- <field id="social_networking" translate="label" type="multiselect" sortOrder="35" showInDefault="1" showInWebsite="1" showInStore="1">
                    <label>Allowed Social Networking Sites</label>
                    <source_model>Ced\Affiliate\Model\Source\Config\SocialSite</source_model>    
                	</field> -->
                
                
                
                 <field id="google_link" translate="label" type="select" sortOrder="36" showInDefault="1" showInWebsite="1" showInStore="1">
                    <label>Enable Google Sharing</label>
                	 <source_model>Magento\Config\Model\Config\Source\Yesno</source_model> 
                </field>
                
                 <field id="facebook_link" translate="label" type="select" sortOrder="37" showInDefault="1" showInWebsite="1" showInStore="1">
                    <label>Enable Facebook Sharing</label>
                	 <source_model>Magento\Config\Model\Config\Source\Yesno</source_model> 
                </field>
                
                
                 <field id="twitter_link" translate="label" type="select" sortOrder="38" showInDefault="1" showInWebsite="1" showInStore="1">
                    <label>Enable Twitter Sharing</label>
                	 <source_model>Magento\Config\Model\Config\Source\Yesno</source_model> 
                </field>
                
                
                
                <field id="listing_page" translate="label" type="select" sortOrder="39" showInDefault="1" showInWebsite="1" showInStore="1">
                    <label>Allow Affiliate To Share Link From Product Listing</label>
                	 <source_model>Magento\Config\Model\Config\Source\Yesno</source_model> 
                </field>
                
                <field id="details_page" translate="label" type="select" sortOrder="40" showInDefault="1" showInWebsite="1" showInStore="1">
                    <label>Allow Affiliate To Share Link From Product Details Page</label>
                	 <source_model>Magento\Config\Model\Config\Source\Yesno</source_model> 
                </field>
                
                
                <field id="email_subject" translate="label" type="text" sortOrder="41" showInDefault="1" showInWebsite="1" showInStore="1">
                    <label>Default Subject For Email</label>
                </field>
                
                 <field id="email_content" translate="label" type="textarea" sortOrder="42" showInDefault="1" showInWebsite="1" showInStore="1">
                    <label>Default Sharing Subject Content</label>
                </field>
                
                <!-- <field id="fbappid" translate="label" type="text" sortOrder="43" showInDefault="1" showInWebsite="1" showInStore="1">
                    <label>facebook App ID</label>
                </field>
                
                  <field id="fbsecretid" translate="label" type="text" sortOrder="44" showInDefault="1" showInWebsite="1" showInStore="1">
                    <label>Facebook Secret ID</label>
                </field> -->
            </group>
            
            
            <group id="discount" translate="label" type="text" sortOrder="37" showInDefault="1" showInWebsite="1" showInStore="1">
            	  <label>Discount Configuration</label>
            	  
            	   <field id="discountto" translate="label" type="select" sortOrder="38" showInDefault="1" showInWebsite="1" showInStore="1">
                    <label>Apply Discount To</label>
                    <source_model>Ced\Affiliate\Model\Source\Config\Discount</source_model>    
                </field>
                
                <field id="discount_type" translate="label" type="select" sortOrder="39" showInDefault="1" showInWebsite="1" showInStore="1">
                    <label>Discount Type</label>
                	 <source_model>Ced\Affiliate\Model\Source\Config\DiscountType</source_model> 
                </field>
                
                <field id="discount_amount" translate="label" type="text" sortOrder="40" showInDefault="1" showInWebsite="1" showInStore="1">
                    <label>Enter Discount Based on Discount Type</label>
                </field>        
                
                <field id="second_discount" translate="label" type="select" sortOrder="41" showInDefault="1" showInWebsite="1" showInStore="1">
                    <label>Enable Second Order Discount</label>
                    <source_model>Magento\Config\Model\Config\Source\Yesno</source_model>
                </field>
                
                
                 <field id="seoond_discount_type" translate="label" type="select" sortOrder="42" showInDefault="1" showInWebsite="1" showInStore="1">
                    <label>Discount Type</label>
                	 <source_model>Ced\Affiliate\Model\Source\Config\DiscountType</source_model> 
                	 <depends>
                	 	<field id ="second_discount">1</field>
                	 </depends>
                </field>
                
                <field id="second_discount_amount" translate="label" type="text" sortOrder="43" showInDefault="1" showInWebsite="1" showInStore="1">
                    <label>Enter Discount Based on Discount Type</label>
                    <depends>
                    	<field id ="second_discount">1</field>
                    </depends>
                </field>
            </group>
        </section>
        
        <section id="payment">
        	<group id="storecredit" translate="label" type="text" sortOrder="100" showInDefault="1" showInWebsite="1" showInStore="1">
                       <label>Pay By Store Credit</label>
                <field id="active" translate="label" type="select" sortOrder="1" showInDefault="1" showInWebsite="1" showInStore="0">
                    <label>Enabled</label>
                    <source_model>Magento\Config\Model\Config\Source\Yesno</source_model>
                   	<config_path>payment/storecredit/active</config_path>
                </field>
                <field id="title" translate="label" type="text" sortOrder="2" showInDefault="1" showInWebsite="1" showInStore="1">
                    <label>Title</label>
                    <comment>This appears at the checkout page during payment</comment>
              			<config_path>payment/storecredit/title</config_path>
                </field>
                 <field id="order_status" translate="label" type="select" sortOrder="3" showInDefault="1" showInWebsite="1" showInStore="0">
                    <label>New order Status</label>
                    <source_model>Ced\Affiliate\Model\Source\Config\Status</source_model>
                    <config_path>payment/storecredit/order_status</config_path>
                </field>
			</group>
		</section>
</system>
</config>